"Country Name","Country Code","Indicator Name","Indicator Code","1960","1961","1962","1963","1964","1965","1966","1967","1968","1969","1970","1971","1972","1973","1974","1975","1976","1977","1978","1979","1980","1981","1982","1983","1984","1985","1986","1987","1988","1989","1990","1991","1992","1993","1994","1995","1996","1997","1998","1999","2000","2001","2002","2003","2004","2005","2006","2007","2008","2009","2010","2011","2012","2013","2014","2015",
"Aruba","ABW","Diabetes prevalence (% of population ages 20 to 79)","SH.STA.DIAB.ZS","","","","","","","","","","","","","","","","","","","","","","","","","","","","","","","","","","","","","","","","","","","","","","","","","","","","","","","13.03","",
"Andorra","AND","Diabetes prevalence (% of population ages 20 to 79)","SH.STA.DIAB.ZS","","","","","","","","","","","","","","","","","","","","","","","","","","","","","","","","","","","","","","","","","","","","","","","","","","","","","","","5.35","",
"Afghanistan","AFG","Diabetes prevalence (% of population ages 20 to 79)","SH.STA.DIAB.ZS","","","","","","","","","","","","","","","","","","","","","","","","","","","","","","","","","","","","","","","","","","","","","","","","","","","","","","","8.07","",
"Angola","AGO","Diabetes prevalence (% of population ages 20 to 79)","SH.STA.DIAB.ZS","","","","","","","","","","","","","","","","","","","","","","","","","","","","","","","","","","","","","","","","","","","","","","","","","","","","","","","2.61","",
"Albania","ALB","Diabetes prevalence (% of population ages 20 to 79)","SH.STA.DIAB.ZS","","","","","","","","","","","","","","","","","","","","","","","","","","","","","","","","","","","","","","","","","","","","","","","","","","","","","","","2.57","",
"Arab World","ARB","Diabetes prevalence (% of population ages 20 to 79)","SH.STA.DIAB.ZS","","","","","","","","","","","","","","","","","","","","","","","","","","","","","","","","","","","","","","","","","","","","","","","","","","","","","","","13.2819975272926","",
"United Arab Emirates","ARE","Diabetes prevalence (% of population ages 20 to 79)","SH.STA.DIAB.ZS","","","","","","","","","","","","","","","","","","","","","","","","","","","","","","","","","","","","","","","","","","","","","","","","","","","","","","","19.02","",
"Argentina","ARG","Diabetes prevalence (% of population ages 20 to 79)","SH.STA.DIAB.ZS","","","","","","","","","","","","","","","","","","","","","","","","","","","","","","","","","","","","","","","","","","","","","","","","","","","","","","","5.65","",
"Armenia","ARM","Diabetes prevalence (% of population ages 20 to 79)","SH.STA.DIAB.ZS","","","","","","","","","","","","","","","","","","","","","","","","","","","","","","","","","","","","","","","","","","","","","","","","","","","","","","","2.58","",
"American Samoa","ASM","Diabetes prevalence (% of population ages 20 to 79)","SH.STA.DIAB.ZS","","","","","","","","","","","","","","","","","","","","","","","","","","","","","","","","","","","","","","","","","","","","","","","","","","","","","","","","",
"Antigua and Barbuda","ATG","Diabetes prevalence (% of population ages 20 to 79)","SH.STA.DIAB.ZS","","","","","","","","","","","","","","","","","","","","","","","","","","","","","","","","","","","","","","","","","","","","","","","","","","","","","","","13.08","",
"Australia","AUS","Diabetes prevalence (% of population ages 20 to 79)","SH.STA.DIAB.ZS","","","","","","","","","","","","","","","","","","","","","","","","","","","","","","","","","","","","","","","","","","","","","","","","","","","","","","","4.08","",
"Austria","AUT","Diabetes prevalence (% of population ages 20 to 79)","SH.STA.DIAB.ZS","","","","","","","","","","","","","","","","","","","","","","","","","","","","","","","","","","","","","","","","","","","","","","","","","","","","","","","6.29","",
"Azerbaijan","AZE","Diabetes prevalence (% of population ages 20 to 79)","SH.STA.DIAB.ZS","","","","","","","","","","","","","","","","","","","","","","","","","","","","","","","","","","","","","","","","","","","","","","","","","","","","","","","2.56","",
"Burundi","BDI","Diabetes prevalence (% of population ages 20 to 79)","SH.STA.DIAB.ZS","","","","","","","","","","","","","","","","","","","","","","","","","","","","","","","","","","","","","","","","","","","","","","","","","","","","","","","4.83","",
"Belgium","BEL","Diabetes prevalence (% of population ages 20 to 79)","SH.STA.DIAB.ZS","","","","","","","","","","","","","","","","","","","","","","","","","","","","","","","","","","","","","","","","","","","","","","","","","","","","","","","4.66","",
"Benin","BEN","Diabetes prevalence (% of population ages 20 to 79)","SH.STA.DIAB.ZS","","","","","","","","","","","","","","","","","","","","","","","","","","","","","","","","","","","","","","","","","","","","","","","","","","","","","","","1.54","",
"Burkina Faso","BFA","Diabetes prevalence (% of population ages 20 to 79)","SH.STA.DIAB.ZS","","","","","","","","","","","","","","","","","","","","","","","","","","","","","","","","","","","","","","","","","","","","","","","","","","","","","","","3.72","",
"Bangladesh","BGD","Diabetes prevalence (% of population ages 20 to 79)","SH.STA.DIAB.ZS","","","","","","","","","","","","","","","","","","","","","","","","","","","","","","","","","","","","","","","","","","","","","","","","","","","","","","","6.89","",
"Bulgaria","BGR","Diabetes prevalence (% of population ages 20 to 79)","SH.STA.DIAB.ZS","","","","","","","","","","","","","","","","","","","","","","","","","","","","","","","","","","","","","","","","","","","","","","","","","","","","","","","5.04","",
"Bahrain","BHR","Diabetes prevalence (% of population ages 20 to 79)","SH.STA.DIAB.ZS","","","","","","","","","","","","","","","","","","","","","","","","","","","","","","","","","","","","","","","","","","","","","","","","","","","","","","","21.87","",
"Bahamas, The","BHS","Diabetes prevalence (% of population ages 20 to 79)","SH.STA.DIAB.ZS","","","","","","","","","","","","","","","","","","","","","","","","","","","","","","","","","","","","","","","","","","","","","","","","","","","","","","","12.84","",
"Bosnia and Herzegovina","BIH","Diabetes prevalence (% of population ages 20 to 79)","SH.STA.DIAB.ZS","","","","","","","","","","","","","","","","","","","","","","","","","","","","","","","","","","","","","","","","","","","","","","","","","","","","","","","9.6","",
"Belarus","BLR","Diabetes prevalence (% of population ages 20 to 79)","SH.STA.DIAB.ZS","","","","","","","","","","","","","","","","","","","","","","","","","","","","","","","","","","","","","","","","","","","","","","","","","","","","","","","5.07","",
"Belize","BLZ","Diabetes prevalence (% of population ages 20 to 79)","SH.STA.DIAB.ZS","","","","","","","","","","","","","","","","","","","","","","","","","","","","","","","","","","","","","","","","","","","","","","","","","","","","","","","15.88","",
"Bermuda","BMU","Diabetes prevalence (% of population ages 20 to 79)","SH.STA.DIAB.ZS","","","","","","","","","","","","","","","","","","","","","","","","","","","","","","","","","","","","","","","","","","","","","","","","","","","","","","","12.77","",
"Bolivia","BOL","Diabetes prevalence (% of population ages 20 to 79)","SH.STA.DIAB.ZS","","","","","","","","","","","","","","","","","","","","","","","","","","","","","","","","","","","","","","","","","","","","","","","","","","","","","","","7.28","",
"Brazil","BRA","Diabetes prevalence (% of population ages 20 to 79)","SH.STA.DIAB.ZS","","","","","","","","","","","","","","","","","","","","","","","","","","","","","","","","","","","","","","","","","","","","","","","","","","","","","","","8.7","",
"Barbados","BRB","Diabetes prevalence (% of population ages 20 to 79)","SH.STA.DIAB.ZS","","","","","","","","","","","","","","","","","","","","","","","","","","","","","","","","","","","","","","","","","","","","","","","","","","","","","","","12.35","",
"Brunei Darussalam","BRN","Diabetes prevalence (% of population ages 20 to 79)","SH.STA.DIAB.ZS","","","","","","","","","","","","","","","","","","","","","","","","","","","","","","","","","","","","","","","","","","","","","","","","","","","","","","","8.03","",
"Bhutan","BTN","Diabetes prevalence (% of population ages 20 to 79)","SH.STA.DIAB.ZS","","","","","","","","","","","","","","","","","","","","","","","","","","","","","","","","","","","","","","","","","","","","","","","","","","","","","","","5.83","",
"Botswana","BWA","Diabetes prevalence (% of population ages 20 to 79)","SH.STA.DIAB.ZS","","","","","","","","","","","","","","","","","","","","","","","","","","","","","","","","","","","","","","","","","","","","","","","","","","","","","","","3.9","",
"Central African Republic","CAF","Diabetes prevalence (% of population ages 20 to 79)","SH.STA.DIAB.ZS","","","","","","","","","","","","","","","","","","","","","","","","","","","","","","","","","","","","","","","","","","","","","","","","","","","","","","","7.34","",
"Canada","CAN","Diabetes prevalence (% of population ages 20 to 79)","SH.STA.DIAB.ZS","","","","","","","","","","","","","","","","","","","","","","","","","","","","","","","","","","","","","","","","","","","","","","","","","","","","","","","9.41","",
"Central Europe and the Baltics","CEB","Diabetes prevalence (% of population ages 20 to 79)","SH.STA.DIAB.ZS","","","","","","","","","","","","","","","","","","","","","","","","","","","","","","","","","","","","","","","","","","","","","","","","","","","","","","","6.21142097523049","",
"Switzerland","CHE","Diabetes prevalence (% of population ages 20 to 79)","SH.STA.DIAB.ZS","","","","","","","","","","","","","","","","","","","","","","","","","","","","","","","","","","","","","","","","","","","","","","","","","","","","","","","5.63","",
"Channel Islands","CHI","Diabetes prevalence (% of population ages 20 to 79)","SH.STA.DIAB.ZS","","","","","","","","","","","","","","","","","","","","","","","","","","","","","","","","","","","","","","","","","","","","","","","","","","","","","","","5.39","",
"Chile","CHL","Diabetes prevalence (% of population ages 20 to 79)","SH.STA.DIAB.ZS","","","","","","","","","","","","","","","","","","","","","","","","","","","","","","","","","","","","","","","","","","","","","","","","","","","","","","","11.19","",
"China","CHN","Diabetes prevalence (% of population ages 20 to 79)","SH.STA.DIAB.ZS","","","","","","","","","","","","","","","","","","","","","","","","","","","","","","","","","","","","","","","","","","","","","","","","","","","","","","","8.64","",
"Cote d'Ivoire","CIV","Diabetes prevalence (% of population ages 20 to 79)","SH.STA.DIAB.ZS","","","","","","","","","","","","","","","","","","","","","","","","","","","","","","","","","","","","","","","","","","","","","","","","","","","","","","","5.56","",
"Cameroon","CMR","Diabetes prevalence (% of population ages 20 to 79)","SH.STA.DIAB.ZS","","","","","","","","","","","","","","","","","","","","","","","","","","","","","","","","","","","","","","","","","","","","","","","","","","","","","","","5.92","",
"Congo, Rep.","COG","Diabetes prevalence (% of population ages 20 to 79)","SH.STA.DIAB.ZS","","","","","","","","","","","","","","","","","","","","","","","","","","","","","","","","","","","","","","","","","","","","","","","","","","","","","","","5.91","",
"Colombia","COL","Diabetes prevalence (% of population ages 20 to 79)","SH.STA.DIAB.ZS","","","","","","","","","","","","","","","","","","","","","","","","","","","","","","","","","","","","","","","","","","","","","","","","","","","","","","","7.26","",
"Comoros","COM","Diabetes prevalence (% of population ages 20 to 79)","SH.STA.DIAB.ZS","","","","","","","","","","","","","","","","","","","","","","","","","","","","","","","","","","","","","","","","","","","","","","","","","","","","","","","8.38","",
"Cabo Verde","CPV","Diabetes prevalence (% of population ages 20 to 79)","SH.STA.DIAB.ZS","","","","","","","","","","","","","","","","","","","","","","","","","","","","","","","","","","","","","","","","","","","","","","","","","","","","","","","5.85","",
"Costa Rica","CRI","Diabetes prevalence (% of population ages 20 to 79)","SH.STA.DIAB.ZS","","","","","","","","","","","","","","","","","","","","","","","","","","","","","","","","","","","","","","","","","","","","","","","","","","","","","","","9.5","",
"Caribbean small states","CSS","Diabetes prevalence (% of population ages 20 to 79)","SH.STA.DIAB.ZS","","","","","","","","","","","","","","","","","","","","","","","","","","","","","","","","","","","","","","","","","","","","","","","","","","","","","","","12.0293675536293","",
"Cuba","CUB","Diabetes prevalence (% of population ages 20 to 79)","SH.STA.DIAB.ZS","","","","","","","","","","","","","","","","","","","","","","","","","","","","","","","","","","","","","","","","","","","","","","","","","","","","","","","6.7","",
"Curacao","CUW","Diabetes prevalence (% of population ages 20 to 79)","SH.STA.DIAB.ZS","","","","","","","","","","","","","","","","","","","","","","","","","","","","","","","","","","","","","","","","","","","","","","","","","","","","","","","12.82","",
"Cayman Islands","CYM","Diabetes prevalence (% of population ages 20 to 79)","SH.STA.DIAB.ZS","","","","","","","","","","","","","","","","","","","","","","","","","","","","","","","","","","","","","","","","","","","","","","","","","","","","","","","12.77","",
"Cyprus","CYP","Diabetes prevalence (% of population ages 20 to 79)","SH.STA.DIAB.ZS","","","","","","","","","","","","","","","","","","","","","","","","","","","","","","","","","","","","","","","","","","","","","","","","","","","","","","","9.26","",
"Czech Republic","CZE","Diabetes prevalence (% of population ages 20 to 79)","SH.STA.DIAB.ZS","","","","","","","","","","","","","","","","","","","","","","","","","","","","","","","","","","","","","","","","","","","","","","","","","","","","","","","6.59","",
"Germany","DEU","Diabetes prevalence (% of population ages 20 to 79)","SH.STA.DIAB.ZS","","","","","","","","","","","","","","","","","","","","","","","","","","","","","","","","","","","","","","","","","","","","","","","","","","","","","","","7.93","",
"Djibouti","DJI","Diabetes prevalence (% of population ages 20 to 79)","SH.STA.DIAB.ZS","","","","","","","","","","","","","","","","","","","","","","","","","","","","","","","","","","","","","","","","","","","","","","","","","","","","","","","6.36","",
"Dominica","DMA","Diabetes prevalence (% of population ages 20 to 79)","SH.STA.DIAB.ZS","","","","","","","","","","","","","","","","","","","","","","","","","","","","","","","","","","","","","","","","","","","","","","","","","","","","","","","10.99","",
"Denmark","DNK","Diabetes prevalence (% of population ages 20 to 79)","SH.STA.DIAB.ZS","","","","","","","","","","","","","","","","","","","","","","","","","","","","","","","","","","","","","","","","","","","","","","","","","","","","","","","6.05","",
"Dominican Republic","DOM","Diabetes prevalence (% of population ages 20 to 79)","SH.STA.DIAB.ZS","","","","","","","","","","","","","","","","","","","","","","","","","","","","","","","","","","","","","","","","","","","","","","","","","","","","","","","11.35","",
"Algeria","DZA","Diabetes prevalence (% of population ages 20 to 79)","SH.STA.DIAB.ZS","","","","","","","","","","","","","","","","","","","","","","","","","","","","","","","","","","","","","","","","","","","","","","","","","","","","","","","7.29","",
"East Asia & Pacific (developing only)","EAP","Diabetes prevalence (% of population ages 20 to 79)","SH.STA.DIAB.ZS","","","","","","","","","","","","","","","","","","","","","","","","","","","","","","","","","","","","","","","","","","","","","","","","","","","","","","","8.07688804834658","",
"East Asia & Pacific (all income levels)","EAS","Diabetes prevalence (% of population ages 20 to 79)","SH.STA.DIAB.ZS","","","","","","","","","","","","","","","","","","","","","","","","","","","","","","","","","","","","","","","","","","","","","","","","","","","","","","","7.81528912500386","",
"Europe & Central Asia (developing only)","ECA","Diabetes prevalence (% of population ages 20 to 79)","SH.STA.DIAB.ZS","","","","","","","","","","","","","","","","","","","","","","","","","","","","","","","","","","","","","","","","","","","","","","","","","","","","","","","7.75469403304288","",
"Europe & Central Asia (all income levels)","ECS","Diabetes prevalence (% of population ages 20 to 79)","SH.STA.DIAB.ZS","","","","","","","","","","","","","","","","","","","","","","","","","","","","","","","","","","","","","","","","","","","","","","","","","","","","","","","6.27725475384798","",
"Ecuador","ECU","Diabetes prevalence (% of population ages 20 to 79)","SH.STA.DIAB.ZS","","","","","","","","","","","","","","","","","","","","","","","","","","","","","","","","","","","","","","","","","","","","","","","","","","","","","","","5.91","",
"Egypt, Arab Rep.","EGY","Diabetes prevalence (% of population ages 20 to 79)","SH.STA.DIAB.ZS","","","","","","","","","","","","","","","","","","","","","","","","","","","","","","","","","","","","","","","","","","","","","","","","","","","","","","","16.56","",
"Euro area","EMU","Diabetes prevalence (% of population ages 20 to 79)","SH.STA.DIAB.ZS","","","","","","","","","","","","","","","","","","","","","","","","","","","","","","","","","","","","","","","","","","","","","","","","","","","","","","","6.35898781034612","",
"Eritrea","ERI","Diabetes prevalence (% of population ages 20 to 79)","SH.STA.DIAB.ZS","","","","","","","","","","","","","","","","","","","","","","","","","","","","","","","","","","","","","","","","","","","","","","","","","","","","","","","5.73","",
"Spain","ESP","Diabetes prevalence (% of population ages 20 to 79)","SH.STA.DIAB.ZS","","","","","","","","","","","","","","","","","","","","","","","","","","","","","","","","","","","","","","","","","","","","","","","","","","","","","","","7.85","",
"Estonia","EST","Diabetes prevalence (% of population ages 20 to 79)","SH.STA.DIAB.ZS","","","","","","","","","","","","","","","","","","","","","","","","","","","","","","","","","","","","","","","","","","","","","","","","","","","","","","","5.65","",
"Ethiopia","ETH","Diabetes prevalence (% of population ages 20 to 79)","SH.STA.DIAB.ZS","","","","","","","","","","","","","","","","","","","","","","","","","","","","","","","","","","","","","","","","","","","","","","","","","","","","","","","5.47","",
"European Union","EUU","Diabetes prevalence (% of population ages 20 to 79)","SH.STA.DIAB.ZS","","","","","","","","","","","","","","","","","","","","","","","","","","","","","","","","","","","","","","","","","","","","","","","","","","","","","","","5.99646730972879","",
"Fragile and conflict affected situations","FCS","Diabetes prevalence (% of population ages 20 to 79)","SH.STA.DIAB.ZS","","","","","","","","","","","","","","","","","","","","","","","","","","","","","","","","","","","","","","","","","","","","","","","","","","","","","","","8.03141749793583","",
"Finland","FIN","Diabetes prevalence (% of population ages 20 to 79)","SH.STA.DIAB.ZS","","","","","","","","","","","","","","","","","","","","","","","","","","","","","","","","","","","","","","","","","","","","","","","","","","","","","","","5.77","",
"Fiji","FJI","Diabetes prevalence (% of population ages 20 to 79)","SH.STA.DIAB.ZS","","","","","","","","","","","","","","","","","","","","","","","","","","","","","","","","","","","","","","","","","","","","","","","","","","","","","","","10.88","",
"France","FRA","Diabetes prevalence (% of population ages 20 to 79)","SH.STA.DIAB.ZS","","","","","","","","","","","","","","","","","","","","","","","","","","","","","","","","","","","","","","","","","","","","","","","","","","","","","","","5.16","",
"Faeroe Islands","FRO","Diabetes prevalence (% of population ages 20 to 79)","SH.STA.DIAB.ZS","","","","","","","","","","","","","","","","","","","","","","","","","","","","","","","","","","","","","","","","","","","","","","","","","","","","","","","5.38","",
"Micronesia, Fed. Sts.","FSM","Diabetes prevalence (% of population ages 20 to 79)","SH.STA.DIAB.ZS","","","","","","","","","","","","","","","","","","","","","","","","","","","","","","","","","","","","","","","","","","","","","","","","","","","","","","","36.3","",
"Gabon","GAB","Diabetes prevalence (% of population ages 20 to 79)","SH.STA.DIAB.ZS","","","","","","","","","","","","","","","","","","","","","","","","","","","","","","","","","","","","","","","","","","","","","","","","","","","","","","","10.71","",
"United Kingdom","GBR","Diabetes prevalence (% of population ages 20 to 79)","SH.STA.DIAB.ZS","","","","","","","","","","","","","","","","","","","","","","","","","","","","","","","","","","","","","","","","","","","","","","","","","","","","","","","3.9","",
"Georgia","GEO","Diabetes prevalence (% of population ages 20 to 79)","SH.STA.DIAB.ZS","","","","","","","","","","","","","","","","","","","","","","","","","","","","","","","","","","","","","","","","","","","","","","","","","","","","","","","2.55","",
"Ghana","GHA","Diabetes prevalence (% of population ages 20 to 79)","SH.STA.DIAB.ZS","","","","","","","","","","","","","","","","","","","","","","","","","","","","","","","","","","","","","","","","","","","","","","","","","","","","","","","3.8","",
"Guinea","GIN","Diabetes prevalence (% of population ages 20 to 79)","SH.STA.DIAB.ZS","","","","","","","","","","","","","","","","","","","","","","","","","","","","","","","","","","","","","","","","","","","","","","","","","","","","","","","4.37","",
"Gambia, The","GMB","Diabetes prevalence (% of population ages 20 to 79)","SH.STA.DIAB.ZS","","","","","","","","","","","","","","","","","","","","","","","","","","","","","","","","","","","","","","","","","","","","","","","","","","","","","","","1.96","",
"Guinea-Bissau","GNB","Diabetes prevalence (% of population ages 20 to 79)","SH.STA.DIAB.ZS","","","","","","","","","","","","","","","","","","","","","","","","","","","","","","","","","","","","","","","","","","","","","","","","","","","","","","","3.79","",
"Equatorial Guinea","GNQ","Diabetes prevalence (% of population ages 20 to 79)","SH.STA.DIAB.ZS","","","","","","","","","","","","","","","","","","","","","","","","","","","","","","","","","","","","","","","","","","","","","","","","","","","","","","","6.13","",
"Greece","GRC","Diabetes prevalence (% of population ages 20 to 79)","SH.STA.DIAB.ZS","","","","","","","","","","","","","","","","","","","","","","","","","","","","","","","","","","","","","","","","","","","","","","","","","","","","","","","4.81","",
"Grenada","GRD","Diabetes prevalence (% of population ages 20 to 79)","SH.STA.DIAB.ZS","","","","","","","","","","","","","","","","","","","","","","","","","","","","","","","","","","","","","","","","","","","","","","","","","","","","","","","9.22","",
"Greenland","GRL","Diabetes prevalence (% of population ages 20 to 79)","SH.STA.DIAB.ZS","","","","","","","","","","","","","","","","","","","","","","","","","","","","","","","","","","","","","","","","","","","","","","","","","","","","","","","","",
"Guatemala","GTM","Diabetes prevalence (% of population ages 20 to 79)","SH.STA.DIAB.ZS","","","","","","","","","","","","","","","","","","","","","","","","","","","","","","","","","","","","","","","","","","","","","","","","","","","","","","","10.84","",
"Guam","GUM","Diabetes prevalence (% of population ages 20 to 79)","SH.STA.DIAB.ZS","","","","","","","","","","","","","","","","","","","","","","","","","","","","","","","","","","","","","","","","","","","","","","","","","","","","","","","20.05","",
"Guyana","GUY","Diabetes prevalence (% of population ages 20 to 79)","SH.STA.DIAB.ZS","","","","","","","","","","","","","","","","","","","","","","","","","","","","","","","","","","","","","","","","","","","","","","","","","","","","","","","15.84","",
"High income","HIC","Diabetes prevalence (% of population ages 20 to 79)","SH.STA.DIAB.ZS","","","","","","","","","","","","","","","","","","","","","","","","","","","","","","","","","","","","","","","","","","","","","","","","","","","","","","","7.29669448245158","",
"Hong Kong SAR, China","HKG","Diabetes prevalence (% of population ages 20 to 79)","SH.STA.DIAB.ZS","","","","","","","","","","","","","","","","","","","","","","","","","","","","","","","","","","","","","","","","","","","","","","","","","","","","","","","7.66","",
"Honduras","HND","Diabetes prevalence (% of population ages 20 to 79)","SH.STA.DIAB.ZS","","","","","","","","","","","","","","","","","","","","","","","","","","","","","","","","","","","","","","","","","","","","","","","","","","","","","","","11.69","",
"Heavily indebted poor countries (HIPC)","HPC","Diabetes prevalence (% of population ages 20 to 79)","SH.STA.DIAB.ZS","","","","","","","","","","","","","","","","","","","","","","","","","","","","","","","","","","","","","","","","","","","","","","","","","","","","","","","6.54771934059541","",
"Croatia","HRV","Diabetes prevalence (% of population ages 20 to 79)","SH.STA.DIAB.ZS","","","","","","","","","","","","","","","","","","","","","","","","","","","","","","","","","","","","","","","","","","","","","","","","","","","","","","","5.52","",
"Haiti","HTI","Diabetes prevalence (% of population ages 20 to 79)","SH.STA.DIAB.ZS","","","","","","","","","","","","","","","","","","","","","","","","","","","","","","","","","","","","","","","","","","","","","","","","","","","","","","","6.7","",
"Hungary","HUN","Diabetes prevalence (% of population ages 20 to 79)","SH.STA.DIAB.ZS","","","","","","","","","","","","","","","","","","","","","","","","","","","","","","","","","","","","","","","","","","","","","","","","","","","","","","","5.94","",
"Indonesia","IDN","Diabetes prevalence (% of population ages 20 to 79)","SH.STA.DIAB.ZS","","","","","","","","","","","","","","","","","","","","","","","","","","","","","","","","","","","","","","","","","","","","","","","","","","","","","","","6.03","",
"Isle of Man","IMN","Diabetes prevalence (% of population ages 20 to 79)","SH.STA.DIAB.ZS","","","","","","","","","","","","","","","","","","","","","","","","","","","","","","","","","","","","","","","","","","","","","","","","","","","","","","","","",
"India","IND","Diabetes prevalence (% of population ages 20 to 79)","SH.STA.DIAB.ZS","","","","","","","","","","","","","","","","","","","","","","","","","","","","","","","","","","","","","","","","","","","","","","","","","","","","","","","9.11","",
"Not classified","INX","Diabetes prevalence (% of population ages 20 to 79)","SH.STA.DIAB.ZS","","","","","","","","","","","","","","","","","","","","","","","","","","","","","","","","","","","","","","","","","","","","","","","","","","","","","","","","",
"Ireland","IRL","Diabetes prevalence (% of population ages 20 to 79)","SH.STA.DIAB.ZS","","","","","","","","","","","","","","","","","","","","","","","","","","","","","","","","","","","","","","","","","","","","","","","","","","","","","","","5.37","",
"Iran, Islamic Rep.","IRN","Diabetes prevalence (% of population ages 20 to 79)","SH.STA.DIAB.ZS","","","","","","","","","","","","","","","","","","","","","","","","","","","","","","","","","","","","","","","","","","","","","","","","","","","","","","","10.01","",
"Iraq","IRQ","Diabetes prevalence (% of population ages 20 to 79)","SH.STA.DIAB.ZS","","","","","","","","","","","","","","","","","","","","","","","","","","","","","","","","","","","","","","","","","","","","","","","","","","","","","","","9.6","",
"Iceland","ISL","Diabetes prevalence (% of population ages 20 to 79)","SH.STA.DIAB.ZS","","","","","","","","","","","","","","","","","","","","","","","","","","","","","","","","","","","","","","","","","","","","","","","","","","","","","","","3.2","",
"Israel","ISR","Diabetes prevalence (% of population ages 20 to 79)","SH.STA.DIAB.ZS","","","","","","","","","","","","","","","","","","","","","","","","","","","","","","","","","","","","","","","","","","","","","","","","","","","","","","","5.46","",
"Italy","ITA","Diabetes prevalence (% of population ages 20 to 79)","SH.STA.DIAB.ZS","","","","","","","","","","","","","","","","","","","","","","","","","","","","","","","","","","","","","","","","","","","","","","","","","","","","","","","4.93","",
"Jamaica","JAM","Diabetes prevalence (% of population ages 20 to 79)","SH.STA.DIAB.ZS","","","","","","","","","","","","","","","","","","","","","","","","","","","","","","","","","","","","","","","","","","","","","","","","","","","","","","","10.53","",
"Jordan","JOR","Diabetes prevalence (% of population ages 20 to 79)","SH.STA.DIAB.ZS","","","","","","","","","","","","","","","","","","","","","","","","","","","","","","","","","","","","","","","","","","","","","","","","","","","","","","","11.45","",
"Japan","JPN","Diabetes prevalence (% of population ages 20 to 79)","SH.STA.DIAB.ZS","","","","","","","","","","","","","","","","","","","","","","","","","","","","","","","","","","","","","","","","","","","","","","","","","","","","","","","5.12","",
"Kazakhstan","KAZ","Diabetes prevalence (% of population ages 20 to 79)","SH.STA.DIAB.ZS","","","","","","","","","","","","","","","","","","","","","","","","","","","","","","","","","","","","","","","","","","","","","","","","","","","","","","","5.01","",
"Kenya","KEN","Diabetes prevalence (% of population ages 20 to 79)","SH.STA.DIAB.ZS","","","","","","","","","","","","","","","","","","","","","","","","","","","","","","","","","","","","","","","","","","","","","","","","","","","","","","","4.54","",
"Kyrgyz Republic","KGZ","Diabetes prevalence (% of population ages 20 to 79)","SH.STA.DIAB.ZS","","","","","","","","","","","","","","","","","","","","","","","","","","","","","","","","","","","","","","","","","","","","","","","","","","","","","","","6.3","",
"Cambodia","KHM","Diabetes prevalence (% of population ages 20 to 79)","SH.STA.DIAB.ZS","","","","","","","","","","","","","","","","","","","","","","","","","","","","","","","","","","","","","","","","","","","","","","","","","","","","","","","2.96","",
"Kiribati","KIR","Diabetes prevalence (% of population ages 20 to 79)","SH.STA.DIAB.ZS","","","","","","","","","","","","","","","","","","","","","","","","","","","","","","","","","","","","","","","","","","","","","","","","","","","","","","","26.43","",
"St. Kitts and Nevis","KNA","Diabetes prevalence (% of population ages 20 to 79)","SH.STA.DIAB.ZS","","","","","","","","","","","","","","","","","","","","","","","","","","","","","","","","","","","","","","","","","","","","","","","","","","","","","","","12.55","",
"Korea, Rep.","KOR","Diabetes prevalence (% of population ages 20 to 79)","SH.STA.DIAB.ZS","","","","","","","","","","","","","","","","","","","","","","","","","","","","","","","","","","","","","","","","","","","","","","","","","","","","","","","5.97","",
"Kosovo","KSV","Diabetes prevalence (% of population ages 20 to 79)","SH.STA.DIAB.ZS","","","","","","","","","","","","","","","","","","","","","","","","","","","","","","","","","","","","","","","","","","","","","","","","","","","","","","","","",
"Kuwait","KWT","Diabetes prevalence (% of population ages 20 to 79)","SH.STA.DIAB.ZS","","","","","","","","","","","","","","","","","","","","","","","","","","","","","","","","","","","","","","","","","","","","","","","","","","","","","","","23.13","",
"Latin America & Caribbean (developing only)","LAC","Diabetes prevalence (% of population ages 20 to 79)","SH.STA.DIAB.ZS","","","","","","","","","","","","","","","","","","","","","","","","","","","","","","","","","","","","","","","","","","","","","","","","","","","","","","","9.40151522987306","",
"Lao PDR","LAO","Diabetes prevalence (% of population ages 20 to 79)","SH.STA.DIAB.ZS","","","","","","","","","","","","","","","","","","","","","","","","","","","","","","","","","","","","","","","","","","","","","","","","","","","","","","","5.03","",
"Lebanon","LBN","Diabetes prevalence (% of population ages 20 to 79)","SH.STA.DIAB.ZS","","","","","","","","","","","","","","","","","","","","","","","","","","","","","","","","","","","","","","","","","","","","","","","","","","","","","","","14.92","",
"Liberia","LBR","Diabetes prevalence (% of population ages 20 to 79)","SH.STA.DIAB.ZS","","","","","","","","","","","","","","","","","","","","","","","","","","","","","","","","","","","","","","","","","","","","","","","","","","","","","","","3.79","",
"Libya","LBY","Diabetes prevalence (% of population ages 20 to 79)","SH.STA.DIAB.ZS","","","","","","","","","","","","","","","","","","","","","","","","","","","","","","","","","","","","","","","","","","","","","","","","","","","","","","","9.79","",
"St. Lucia","LCA","Diabetes prevalence (% of population ages 20 to 79)","SH.STA.DIAB.ZS","","","","","","","","","","","","","","","","","","","","","","","","","","","","","","","","","","","","","","","","","","","","","","","","","","","","","","","8.31","",
"Latin America & Caribbean (all income levels)","LCN","Diabetes prevalence (% of population ages 20 to 79)","SH.STA.DIAB.ZS","","","","","","","","","","","","","","","","","","","","","","","","","","","","","","","","","","","","","","","","","","","","","","","","","","","","","","","9.09101133032782","",
"Least developed countries: UN classification","LDC","Diabetes prevalence (% of population ages 20 to 79)","SH.STA.DIAB.ZS","","","","","","","","","","","","","","","","","","","","","","","","","","","","","","","","","","","","","","","","","","","","","","","","","","","","","","","6.47338568092887","",
"Low income","LIC","Diabetes prevalence (% of population ages 20 to 79)","SH.STA.DIAB.ZS","","","","","","","","","","","","","","","","","","","","","","","","","","","","","","","","","","","","","","","","","","","","","","","","","","","","","","","5.82323465893125","",
"Liechtenstein","LIE","Diabetes prevalence (% of population ages 20 to 79)","SH.STA.DIAB.ZS","","","","","","","","","","","","","","","","","","","","","","","","","","","","","","","","","","","","","","","","","","","","","","","","","","","","","","","5.4","",
"Sri Lanka","LKA","Diabetes prevalence (% of population ages 20 to 79)","SH.STA.DIAB.ZS","","","","","","","","","","","","","","","","","","","","","","","","","","","","","","","","","","","","","","","","","","","","","","","","","","","","","","","7.8","",
"Lower middle income","LMC","Diabetes prevalence (% of population ages 20 to 79)","SH.STA.DIAB.ZS","","","","","","","","","","","","","","","","","","","","","","","","","","","","","","","","","","","","","","","","","","","","","","","","","","","","","","","8.0830191231924","",
"Low & middle income","LMY","Diabetes prevalence (% of population ages 20 to 79)","SH.STA.DIAB.ZS","","","","","","","","","","","","","","","","","","","","","","","","","","","","","","","","","","","","","","","","","","","","","","","","","","","","","","","8.28692887254967","",
"Lesotho","LSO","Diabetes prevalence (% of population ages 20 to 79)","SH.STA.DIAB.ZS","","","","","","","","","","","","","","","","","","","","","","","","","","","","","","","","","","","","","","","","","","","","","","","","","","","","","","","4.5","",
"Lithuania","LTU","Diabetes prevalence (% of population ages 20 to 79)","SH.STA.DIAB.ZS","","","","","","","","","","","","","","","","","","","","","","","","","","","","","","","","","","","","","","","","","","","","","","","","","","","","","","","3.82","",
"Luxembourg","LUX","Diabetes prevalence (% of population ages 20 to 79)","SH.STA.DIAB.ZS","","","","","","","","","","","","","","","","","","","","","","","","","","","","","","","","","","","","","","","","","","","","","","","","","","","","","","","4.53","",
"Latvia","LVA","Diabetes prevalence (% of population ages 20 to 79)","SH.STA.DIAB.ZS","","","","","","","","","","","","","","","","","","","","","","","","","","","","","","","","","","","","","","","","","","","","","","","","","","","","","","","4.98","",
"Macao SAR, China","MAC","Diabetes prevalence (% of population ages 20 to 79)","SH.STA.DIAB.ZS","","","","","","","","","","","","","","","","","","","","","","","","","","","","","","","","","","","","","","","","","","","","","","","","","","","","","","","8.63","",
"St. Martin (French part)","MAF","Diabetes prevalence (% of population ages 20 to 79)","SH.STA.DIAB.ZS","","","","","","","","","","","","","","","","","","","","","","","","","","","","","","","","","","","","","","","","","","","","","","","","","","","","","","","","",
"Morocco","MAR","Diabetes prevalence (% of population ages 20 to 79)","SH.STA.DIAB.ZS","","","","","","","","","","","","","","","","","","","","","","","","","","","","","","","","","","","","","","","","","","","","","","","","","","","","","","","7.88","",
"Monaco","MCO","Diabetes prevalence (% of population ages 20 to 79)","SH.STA.DIAB.ZS","","","","","","","","","","","","","","","","","","","","","","","","","","","","","","","","","","","","","","","","","","","","","","","","","","","","","","","5.35","",
"Moldova","MDA","Diabetes prevalence (% of population ages 20 to 79)","SH.STA.DIAB.ZS","","","","","","","","","","","","","","","","","","","","","","","","","","","","","","","","","","","","","","","","","","","","","","","","","","","","","","","2.52","",
"Madagascar","MDG","Diabetes prevalence (% of population ages 20 to 79)","SH.STA.DIAB.ZS","","","","","","","","","","","","","","","","","","","","","","","","","","","","","","","","","","","","","","","","","","","","","","","","","","","","","","","3.73","",
"Maldives","MDV","Diabetes prevalence (% of population ages 20 to 79)","SH.STA.DIAB.ZS","","","","","","","","","","","","","","","","","","","","","","","","","","","","","","","","","","","","","","","","","","","","","","","","","","","","","","","9.41","",
"Middle East & North Africa (all income levels)","MEA","Diabetes prevalence (% of population ages 20 to 79)","SH.STA.DIAB.ZS","","","","","","","","","","","","","","","","","","","","","","","","","","","","","","","","","","","","","","","","","","","","","","","","","","","","","","","12.2626198250021","",
"Mexico","MEX","Diabetes prevalence (% of population ages 20 to 79)","SH.STA.DIAB.ZS","","","","","","","","","","","","","","","","","","","","","","","","","","","","","","","","","","","","","","","","","","","","","","","","","","","","","","","12.63","",
"Marshall Islands","MHL","Diabetes prevalence (% of population ages 20 to 79)","SH.STA.DIAB.ZS","","","","","","","","","","","","","","","","","","","","","","","","","","","","","","","","","","","","","","","","","","","","","","","","","","","","","","","37.06","",
"Middle income","MIC","Diabetes prevalence (% of population ages 20 to 79)","SH.STA.DIAB.ZS","","","","","","","","","","","","","","","","","","","","","","","","","","","","","","","","","","","","","","","","","","","","","","","","","","","","","","","8.51506170307199","",
"Macedonia, FYR","MKD","Diabetes prevalence (% of population ages 20 to 79)","SH.STA.DIAB.ZS","","","","","","","","","","","","","","","","","","","","","","","","","","","","","","","","","","","","","","","","","","","","","","","","","","","","","","","9.76","",
"Mali","MLI","Diabetes prevalence (% of population ages 20 to 79)","SH.STA.DIAB.ZS","","","","","","","","","","","","","","","","","","","","","","","","","","","","","","","","","","","","","","","","","","","","","","","","","","","","","","","1.6","",
"Malta","MLT","Diabetes prevalence (% of population ages 20 to 79)","SH.STA.DIAB.ZS","","","","","","","","","","","","","","","","","","","","","","","","","","","","","","","","","","","","","","","","","","","","","","","","","","","","","","","7.33","",
"Myanmar","MMR","Diabetes prevalence (% of population ages 20 to 79)","SH.STA.DIAB.ZS","","","","","","","","","","","","","","","","","","","","","","","","","","","","","","","","","","","","","","","","","","","","","","","","","","","","","","","6.14","",
"Middle East & North Africa (developing only)","MNA","Diabetes prevalence (% of population ages 20 to 79)","SH.STA.DIAB.ZS","","","","","","","","","","","","","","","","","","","","","","","","","","","","","","","","","","","","","","","","","","","","","","","","","","","","","","","10.9225626175085","",
"Montenegro","MNE","Diabetes prevalence (% of population ages 20 to 79)","SH.STA.DIAB.ZS","","","","","","","","","","","","","","","","","","","","","","","","","","","","","","","","","","","","","","","","","","","","","","","","","","","","","","","9.82","",
"Mongolia","MNG","Diabetes prevalence (% of population ages 20 to 79)","SH.STA.DIAB.ZS","","","","","","","","","","","","","","","","","","","","","","","","","","","","","","","","","","","","","","","","","","","","","","","","","","","","","","","7.5","",
"Northern Mariana Islands","MNP","Diabetes prevalence (% of population ages 20 to 79)","SH.STA.DIAB.ZS","","","","","","","","","","","","","","","","","","","","","","","","","","","","","","","","","","","","","","","","","","","","","","","","","","","","","","","","",
"Mozambique","MOZ","Diabetes prevalence (% of population ages 20 to 79)","SH.STA.DIAB.ZS","","","","","","","","","","","","","","","","","","","","","","","","","","","","","","","","","","","","","","","","","","","","","","","","","","","","","","","2.82","",
"Mauritania","MRT","Diabetes prevalence (% of population ages 20 to 79)","SH.STA.DIAB.ZS","","","","","","","","","","","","","","","","","","","","","","","","","","","","","","","","","","","","","","","","","","","","","","","","","","","","","","","5.22","",
"Mauritius","MUS","Diabetes prevalence (% of population ages 20 to 79)","SH.STA.DIAB.ZS","","","","","","","","","","","","","","","","","","","","","","","","","","","","","","","","","","","","","","","","","","","","","","","","","","","","","","","21.15","",
"Malawi","MWI","Diabetes prevalence (% of population ages 20 to 79)","SH.STA.DIAB.ZS","","","","","","","","","","","","","","","","","","","","","","","","","","","","","","","","","","","","","","","","","","","","","","","","","","","","","","","5.59","",
"Malaysia","MYS","Diabetes prevalence (% of population ages 20 to 79)","SH.STA.DIAB.ZS","","","","","","","","","","","","","","","","","","","","","","","","","","","","","","","","","","","","","","","","","","","","","","","","","","","","","","","17.64","",
"North America","NAC","Diabetes prevalence (% of population ages 20 to 79)","SH.STA.DIAB.ZS","","","","","","","","","","","","","","","","","","","","","","","","","","","","","","","","","","","","","","","","","","","","","","","","","","","","","","","9.39207276911517","",
"Namibia","NAM","Diabetes prevalence (% of population ages 20 to 79)","SH.STA.DIAB.ZS","","","","","","","","","","","","","","","","","","","","","","","","","","","","","","","","","","","","","","","","","","","","","","","","","","","","","","","6.86","",
"New Caledonia","NCL","Diabetes prevalence (% of population ages 20 to 79)","SH.STA.DIAB.ZS","","","","","","","","","","","","","","","","","","","","","","","","","","","","","","","","","","","","","","","","","","","","","","","","","","","","","","","20.06","",
"Niger","NER","Diabetes prevalence (% of population ages 20 to 79)","SH.STA.DIAB.ZS","","","","","","","","","","","","","","","","","","","","","","","","","","","","","","","","","","","","","","","","","","","","","","","","","","","","","","","4.18","",
"Nigeria","NGA","Diabetes prevalence (% of population ages 20 to 79)","SH.STA.DIAB.ZS","","","","","","","","","","","","","","","","","","","","","","","","","","","","","","","","","","","","","","","","","","","","","","","","","","","","","","","5.27","",
"Nicaragua","NIC","Diabetes prevalence (% of population ages 20 to 79)","SH.STA.DIAB.ZS","","","","","","","","","","","","","","","","","","","","","","","","","","","","","","","","","","","","","","","","","","","","","","","","","","","","","","","12.45","",
"Netherlands","NLD","Diabetes prevalence (% of population ages 20 to 79)","SH.STA.DIAB.ZS","","","","","","","","","","","","","","","","","","","","","","","","","","","","","","","","","","","","","","","","","","","","","","","","","","","","","","","5","",
"High income: nonOECD","NOC","Diabetes prevalence (% of population ages 20 to 79)","SH.STA.DIAB.ZS","","","","","","","","","","","","","","","","","","","","","","","","","","","","","","","","","","","","","","","","","","","","","","","","","","","","","","","8.37936498742386","",
"Norway","NOR","Diabetes prevalence (% of population ages 20 to 79)","SH.STA.DIAB.ZS","","","","","","","","","","","","","","","","","","","","","","","","","","","","","","","","","","","","","","","","","","","","","","","","","","","","","","","5.24","",
"Nepal","NPL","Diabetes prevalence (% of population ages 20 to 79)","SH.STA.DIAB.ZS","","","","","","","","","","","","","","","","","","","","","","","","","","","","","","","","","","","","","","","","","","","","","","","","","","","","","","","4.96","",
"New Zealand","NZL","Diabetes prevalence (% of population ages 20 to 79)","SH.STA.DIAB.ZS","","","","","","","","","","","","","","","","","","","","","","","","","","","","","","","","","","","","","","","","","","","","","","","","","","","","","","","9.9","",
"High income: OECD","OEC","Diabetes prevalence (% of population ages 20 to 79)","SH.STA.DIAB.ZS","","","","","","","","","","","","","","","","","","","","","","","","","","","","","","","","","","","","","","","","","","","","","","","","","","","","","","","7.00214222504369","",
"OECD members","OED","Diabetes prevalence (% of population ages 20 to 79)","SH.STA.DIAB.ZS","","","","","","","","","","","","","","","","","","","","","","","","","","","","","","","","","","","","","","","","","","","","","","","","","","","","","","","7.91421550825116","",
"Oman","OMN","Diabetes prevalence (% of population ages 20 to 79)","SH.STA.DIAB.ZS","","","","","","","","","","","","","","","","","","","","","","","","","","","","","","","","","","","","","","","","","","","","","","","","","","","","","","","14.49","",
"Other small states","OSS","Diabetes prevalence (% of population ages 20 to 79)","SH.STA.DIAB.ZS","","","","","","","","","","","","","","","","","","","","","","","","","","","","","","","","","","","","","","","","","","","","","","","","","","","","","","","7.00890578905491","",
"Pakistan","PAK","Diabetes prevalence (% of population ages 20 to 79)","SH.STA.DIAB.ZS","","","","","","","","","","","","","","","","","","","","","","","","","","","","","","","","","","","","","","","","","","","","","","","","","","","","","","","7.93","",
"Panama","PAN","Diabetes prevalence (% of population ages 20 to 79)","SH.STA.DIAB.ZS","","","","","","","","","","","","","","","","","","","","","","","","","","","","","","","","","","","","","","","","","","","","","","","","","","","","","","","8.54","",
"Peru","PER","Diabetes prevalence (% of population ages 20 to 79)","SH.STA.DIAB.ZS","","","","","","","","","","","","","","","","","","","","","","","","","","","","","","","","","","","","","","","","","","","","","","","","","","","","","","","6.54","",
"Philippines","PHL","Diabetes prevalence (% of population ages 20 to 79)","SH.STA.DIAB.ZS","","","","","","","","","","","","","","","","","","","","","","","","","","","","","","","","","","","","","","","","","","","","","","","","","","","","","","","6.71","",
"Palau","PLW","Diabetes prevalence (% of population ages 20 to 79)","SH.STA.DIAB.ZS","","","","","","","","","","","","","","","","","","","","","","","","","","","","","","","","","","","","","","","","","","","","","","","","","","","","","","","18.46","",
"Papua New Guinea","PNG","Diabetes prevalence (% of population ages 20 to 79)","SH.STA.DIAB.ZS","","","","","","","","","","","","","","","","","","","","","","","","","","","","","","","","","","","","","","","","","","","","","","","","","","","","","","","6.33","",
"Poland","POL","Diabetes prevalence (% of population ages 20 to 79)","SH.STA.DIAB.ZS","","","","","","","","","","","","","","","","","","","","","","","","","","","","","","","","","","","","","","","","","","","","","","","","","","","","","","","5.63","",
"Puerto Rico","PRI","Diabetes prevalence (% of population ages 20 to 79)","SH.STA.DIAB.ZS","","","","","","","","","","","","","","","","","","","","","","","","","","","","","","","","","","","","","","","","","","","","","","","","","","","","","","","12.98","",
"Korea, Dem. Rep.","PRK","Diabetes prevalence (% of population ages 20 to 79)","SH.STA.DIAB.ZS","","","","","","","","","","","","","","","","","","","","","","","","","","","","","","","","","","","","","","","","","","","","","","","","","","","","","","","6.15","",
"Portugal","PRT","Diabetes prevalence (% of population ages 20 to 79)","SH.STA.DIAB.ZS","","","","","","","","","","","","","","","","","","","","","","","","","","","","","","","","","","","","","","","","","","","","","","","","","","","","","","","9.59","",
"Paraguay","PRY","Diabetes prevalence (% of population ages 20 to 79)","SH.STA.DIAB.ZS","","","","","","","","","","","","","","","","","","","","","","","","","","","","","","","","","","","","","","","","","","","","","","","","","","","","","","","7","",
"Pacific island small states","PSS","Diabetes prevalence (% of population ages 20 to 79)","SH.STA.DIAB.ZS","","","","","","","","","","","","","","","","","","","","","","","","","","","","","","","","","","","","","","","","","","","","","","","","","","","","","","","15.397896659202","",
"French Polynesia","PYF","Diabetes prevalence (% of population ages 20 to 79)","SH.STA.DIAB.ZS","","","","","","","","","","","","","","","","","","","","","","","","","","","","","","","","","","","","","","","","","","","","","","","","","","","","","","","24.42","",
"Qatar","QAT","Diabetes prevalence (% of population ages 20 to 79)","SH.STA.DIAB.ZS","","","","","","","","","","","","","","","","","","","","","","","","","","","","","","","","","","","","","","","","","","","","","","","","","","","","","","","19.78","",
"Romania","ROU","Diabetes prevalence (% of population ages 20 to 79)","SH.STA.DIAB.ZS","","","","","","","","","","","","","","","","","","","","","","","","","","","","","","","","","","","","","","","","","","","","","","","","","","","","","","","7.99","",
"Russian Federation","RUS","Diabetes prevalence (% of population ages 20 to 79)","SH.STA.DIAB.ZS","","","","","","","","","","","","","","","","","","","","","","","","","","","","","","","","","","","","","","","","","","","","","","","","","","","","","","","5.03","",
"Rwanda","RWA","Diabetes prevalence (% of population ages 20 to 79)","SH.STA.DIAB.ZS","","","","","","","","","","","","","","","","","","","","","","","","","","","","","","","","","","","","","","","","","","","","","","","","","","","","","","","6.25","",
"South Asia","SAS","Diabetes prevalence (% of population ages 20 to 79)","SH.STA.DIAB.ZS","","","","","","","","","","","","","","","","","","","","","","","","","","","","","","","","","","","","","","","","","","","","","","","","","","","","","","","8.68796041317976","",
"Saudi Arabia","SAU","Diabetes prevalence (% of population ages 20 to 79)","SH.STA.DIAB.ZS","","","","","","","","","","","","","","","","","","","","","","","","","","","","","","","","","","","","","","","","","","","","","","","","","","","","","","","23.9","",
"Sudan","SDN","Diabetes prevalence (% of population ages 20 to 79)","SH.STA.DIAB.ZS","","","","","","","","","","","","","","","","","","","","","","","","","","","","","","","","","","","","","","","","","","","","","","","","","","","","","","","17.91","",
"Senegal","SEN","Diabetes prevalence (% of population ages 20 to 79)","SH.STA.DIAB.ZS","","","","","","","","","","","","","","","","","","","","","","","","","","","","","","","","","","","","","","","","","","","","","","","","","","","","","","","5.14","",
"Singapore","SGP","Diabetes prevalence (% of population ages 20 to 79)","SH.STA.DIAB.ZS","","","","","","","","","","","","","","","","","","","","","","","","","","","","","","","","","","","","","","","","","","","","","","","","","","","","","","","10.79","",
"Solomon Islands","SLB","Diabetes prevalence (% of population ages 20 to 79)","SH.STA.DIAB.ZS","","","","","","","","","","","","","","","","","","","","","","","","","","","","","","","","","","","","","","","","","","","","","","","","","","","","","","","16.12","",
"Sierra Leone","SLE","Diabetes prevalence (% of population ages 20 to 79)","SH.STA.DIAB.ZS","","","","","","","","","","","","","","","","","","","","","","","","","","","","","","","","","","","","","","","","","","","","","","","","","","","","","","","3.76","",
"El Salvador","SLV","Diabetes prevalence (% of population ages 20 to 79)","SH.STA.DIAB.ZS","","","","","","","","","","","","","","","","","","","","","","","","","","","","","","","","","","","","","","","","","","","","","","","","","","","","","","","11.75","",
"San Marino","SMR","Diabetes prevalence (% of population ages 20 to 79)","SH.STA.DIAB.ZS","","","","","","","","","","","","","","","","","","","","","","","","","","","","","","","","","","","","","","","","","","","","","","","","","","","","","","","5.35","",
"Somalia","SOM","Diabetes prevalence (% of population ages 20 to 79)","SH.STA.DIAB.ZS","","","","","","","","","","","","","","","","","","","","","","","","","","","","","","","","","","","","","","","","","","","","","","","","","","","","","","","7.29","",
"Serbia","SRB","Diabetes prevalence (% of population ages 20 to 79)","SH.STA.DIAB.ZS","","","","","","","","","","","","","","","","","","","","","","","","","","","","","","","","","","","","","","","","","","","","","","","","","","","","","","","9.75","",
"Sub-Saharan Africa (developing only)","SSA","Diabetes prevalence (% of population ages 20 to 79)","SH.STA.DIAB.ZS","","","","","","","","","","","","","","","","","","","","","","","","","","","","","","","","","","","","","","","","","","","","","","","","","","","","","","","6.2735251767629","",
"South Sudan","SSD","Diabetes prevalence (% of population ages 20 to 79)","SH.STA.DIAB.ZS","","","","","","","","","","","","","","","","","","","","","","","","","","","","","","","","","","","","","","","","","","","","","","","","","","","","","","","10.08","",
"Sub-Saharan Africa (all income levels)","SSF","Diabetes prevalence (% of population ages 20 to 79)","SH.STA.DIAB.ZS","","","","","","","","","","","","","","","","","","","","","","","","","","","","","","","","","","","","","","","","","","","","","","","","","","","","","","","6.27411996661204","",
"Small states","SST","Diabetes prevalence (% of population ages 20 to 79)","SH.STA.DIAB.ZS","","","","","","","","","","","","","","","","","","","","","","","","","","","","","","","","","","","","","","","","","","","","","","","","","","","","","","","8.92085039212961","",
"Sao Tome and Principe","STP","Diabetes prevalence (% of population ages 20 to 79)","SH.STA.DIAB.ZS","","","","","","","","","","","","","","","","","","","","","","","","","","","","","","","","","","","","","","","","","","","","","","","","","","","","","","","5.88","",
"Suriname","SUR","Diabetes prevalence (% of population ages 20 to 79)","SH.STA.DIAB.ZS","","","","","","","","","","","","","","","","","","","","","","","","","","","","","","","","","","","","","","","","","","","","","","","","","","","","","","","10.83","",
"Slovak Republic","SVK","Diabetes prevalence (% of population ages 20 to 79)","SH.STA.DIAB.ZS","","","","","","","","","","","","","","","","","","","","","","","","","","","","","","","","","","","","","","","","","","","","","","","","","","","","","","","7.21","",
"Slovenia","SVN","Diabetes prevalence (% of population ages 20 to 79)","SH.STA.DIAB.ZS","","","","","","","","","","","","","","","","","","","","","","","","","","","","","","","","","","","","","","","","","","","","","","","","","","","","","","","7.17","",
"Sweden","SWE","Diabetes prevalence (% of population ages 20 to 79)","SH.STA.DIAB.ZS","","","","","","","","","","","","","","","","","","","","","","","","","","","","","","","","","","","","","","","","","","","","","","","","","","","","","","","4.51","",
"Swaziland","SWZ","Diabetes prevalence (% of population ages 20 to 79)","SH.STA.DIAB.ZS","","","","","","","","","","","","","","","","","","","","","","","","","","","","","","","","","","","","","","","","","","","","","","","","","","","","","","","4.33","",
"Sint Maarten (Dutch part)","SXM","Diabetes prevalence (% of population ages 20 to 79)","SH.STA.DIAB.ZS","","","","","","","","","","","","","","","","","","","","","","","","","","","","","","","","","","","","","","","","","","","","","","","","","","","","","","","12.77","",
"Seychelles","SYC","Diabetes prevalence (% of population ages 20 to 79)","SH.STA.DIAB.ZS","","","","","","","","","","","","","","","","","","","","","","","","","","","","","","","","","","","","","","","","","","","","","","","","","","","","","","","11.98","",
"Syrian Arab Republic","SYR","Diabetes prevalence (% of population ages 20 to 79)","SH.STA.DIAB.ZS","","","","","","","","","","","","","","","","","","","","","","","","","","","","","","","","","","","","","","","","","","","","","","","","","","","","","","","8.79","",
"Turks and Caicos Islands","TCA","Diabetes prevalence (% of population ages 20 to 79)","SH.STA.DIAB.ZS","","","","","","","","","","","","","","","","","","","","","","","","","","","","","","","","","","","","","","","","","","","","","","","","","","","","","","","","",
"Chad","TCD","Diabetes prevalence (% of population ages 20 to 79)","SH.STA.DIAB.ZS","","","","","","","","","","","","","","","","","","","","","","","","","","","","","","","","","","","","","","","","","","","","","","","","","","","","","","","5.77","",
"Togo","TGO","Diabetes prevalence (% of population ages 20 to 79)","SH.STA.DIAB.ZS","","","","","","","","","","","","","","","","","","","","","","","","","","","","","","","","","","","","","","","","","","","","","","","","","","","","","","","4.72","",
"Thailand","THA","Diabetes prevalence (% of population ages 20 to 79)","SH.STA.DIAB.ZS","","","","","","","","","","","","","","","","","","","","","","","","","","","","","","","","","","","","","","","","","","","","","","","","","","","","","","","7.36","",
"Tajikistan","TJK","Diabetes prevalence (% of population ages 20 to 79)","SH.STA.DIAB.ZS","","","","","","","","","","","","","","","","","","","","","","","","","","","","","","","","","","","","","","","","","","","","","","","","","","","","","","","6.44","",
"Turkmenistan","TKM","Diabetes prevalence (% of population ages 20 to 79)","SH.STA.DIAB.ZS","","","","","","","","","","","","","","","","","","","","","","","","","","","","","","","","","","","","","","","","","","","","","","","","","","","","","","","5.01","",
"Timor-Leste","TLS","Diabetes prevalence (% of population ages 20 to 79)","SH.STA.DIAB.ZS","","","","","","","","","","","","","","","","","","","","","","","","","","","","","","","","","","","","","","","","","","","","","","","","","","","","","","","6.76","",
"Tonga","TON","Diabetes prevalence (% of population ages 20 to 79)","SH.STA.DIAB.ZS","","","","","","","","","","","","","","","","","","","","","","","","","","","","","","","","","","","","","","","","","","","","","","","","","","","","","","","14.76","",
"Trinidad and Tobago","TTO","Diabetes prevalence (% of population ages 20 to 79)","SH.STA.DIAB.ZS","","","","","","","","","","","","","","","","","","","","","","","","","","","","","","","","","","","","","","","","","","","","","","","","","","","","","","","13.09","",
"Tunisia","TUN","Diabetes prevalence (% of population ages 20 to 79)","SH.STA.DIAB.ZS","","","","","","","","","","","","","","","","","","","","","","","","","","","","","","","","","","","","","","","","","","","","","","","","","","","","","","","9.41","",
"Turkey","TUR","Diabetes prevalence (% of population ages 20 to 79)","SH.STA.DIAB.ZS","","","","","","","","","","","","","","","","","","","","","","","","","","","","","","","","","","","","","","","","","","","","","","","","","","","","","","","14.84","",
"Tuvalu","TUV","Diabetes prevalence (% of population ages 20 to 79)","SH.STA.DIAB.ZS","","","","","","","","","","","","","","","","","","","","","","","","","","","","","","","","","","","","","","","","","","","","","","","","","","","","","","","15.33","",
"Tanzania","TZA","Diabetes prevalence (% of population ages 20 to 79)","SH.STA.DIAB.ZS","","","","","","","","","","","","","","","","","","","","","","","","","","","","","","","","","","","","","","","","","","","","","","","","","","","","","","","9.15","",
"Uganda","UGA","Diabetes prevalence (% of population ages 20 to 79)","SH.STA.DIAB.ZS","","","","","","","","","","","","","","","","","","","","","","","","","","","","","","","","","","","","","","","","","","","","","","","","","","","","","","","5.19","",
"Ukraine","UKR","Diabetes prevalence (% of population ages 20 to 79)","SH.STA.DIAB.ZS","","","","","","","","","","","","","","","","","","","","","","","","","","","","","","","","","","","","","","","","","","","","","","","","","","","","","","","2.58","",
"Upper middle income","UMC","Diabetes prevalence (% of population ages 20 to 79)","SH.STA.DIAB.ZS","","","","","","","","","","","","","","","","","","","","","","","","","","","","","","","","","","","","","","","","","","","","","","","","","","","","","","","8.97217684407143","",
"Uruguay","URY","Diabetes prevalence (% of population ages 20 to 79)","SH.STA.DIAB.ZS","","","","","","","","","","","","","","","","","","","","","","","","","","","","","","","","","","","","","","","","","","","","","","","","","","","","","","","5.76","",
"United States","USA","Diabetes prevalence (% of population ages 20 to 79)","SH.STA.DIAB.ZS","","","","","","","","","","","","","","","","","","","","","","","","","","","","","","","","","","","","","","","","","","","","","","","","","","","","","","","9.39","",
"Uzbekistan","UZB","Diabetes prevalence (% of population ages 20 to 79)","SH.STA.DIAB.ZS","","","","","","","","","","","","","","","","","","","","","","","","","","","","","","","","","","","","","","","","","","","","","","","","","","","","","","","6.43","",
"St. Vincent and the Grenadines","VCT","Diabetes prevalence (% of population ages 20 to 79)","SH.STA.DIAB.ZS","","","","","","","","","","","","","","","","","","","","","","","","","","","","","","","","","","","","","","","","","","","","","","","","","","","","","","","9.95","",
"Venezuela, RB","VEN","Diabetes prevalence (% of population ages 20 to 79)","SH.STA.DIAB.ZS","","","","","","","","","","","","","","","","","","","","","","","","","","","","","","","","","","","","","","","","","","","","","","","","","","","","","","","6.86","",
"Virgin Islands (U.S.)","VIR","Diabetes prevalence (% of population ages 20 to 79)","SH.STA.DIAB.ZS","","","","","","","","","","","","","","","","","","","","","","","","","","","","","","","","","","","","","","","","","","","","","","","","","","","","","","","12.1","",
"Vietnam","VNM","Diabetes prevalence (% of population ages 20 to 79)","SH.STA.DIAB.ZS","","","","","","","","","","","","","","","","","","","","","","","","","","","","","","","","","","","","","","","","","","","","","","","","","","","","","","","5.71","",
"Vanuatu","VUT","Diabetes prevalence (% of population ages 20 to 79)","SH.STA.DIAB.ZS","","","","","","","","","","","","","","","","","","","","","","","","","","","","","","","","","","","","","","","","","","","","","","","","","","","","","","","23.71","",
"West Bank and Gaza","PSE","Diabetes prevalence (% of population ages 20 to 79)","SH.STA.DIAB.ZS","","","","","","","","","","","","","","","","","","","","","","","","","","","","","","","","","","","","","","","","","","","","","","","","","","","","","","","9.16","",
"World","WLD","Diabetes prevalence (% of population ages 20 to 79)","SH.STA.DIAB.ZS","","","","","","","","","","","","","","","","","","","","","","","","","","","","","","","","","","","","","","","","","","","","","","","","","","","","","","","8.07608978167942","",
"Samoa","WSM","Diabetes prevalence (% of population ages 20 to 79)","SH.STA.DIAB.ZS","","","","","","","","","","","","","","","","","","","","","","","","","","","","","","","","","","","","","","","","","","","","","","","","","","","","","","","7.64","",
"Yemen, Rep.","YEM","Diabetes prevalence (% of population ages 20 to 79)","SH.STA.DIAB.ZS","","","","","","","","","","","","","","","","","","","","","","","","","","","","","","","","","","","","","","","","","","","","","","","","","","","","","","","8.25","",
"South Africa","ZAF","Diabetes prevalence (% of population ages 20 to 79)","SH.STA.DIAB.ZS","","","","","","","","","","","","","","","","","","","","","","","","","","","","","","","","","","","","","","","","","","","","","","","","","","","","","","","9.36","",
"Congo, Dem. Rep.","COD","Diabetes prevalence (% of population ages 20 to 79)","SH.STA.DIAB.ZS","","","","","","","","","","","","","","","","","","","","","","","","","","","","","","","","","","","","","","","","","","","","","","","","","","","","","","","7.56","",
"Zambia","ZMB","Diabetes prevalence (% of population ages 20 to 79)","SH.STA.DIAB.ZS","","","","","","","","","","","","","","","","","","","","","","","","","","","","","","","","","","","","","","","","","","","","","","","","","","","","","","","5.04","",
"Zimbabwe","ZWE","Diabetes prevalence (% of population ages 20 to 79)","SH.STA.DIAB.ZS","","","","","","","","","","","","","","","","","","","","","","","","","","","","","","","","","","","","","","","","","","","","","","","","","","","","","","","9.34","",
